{"cameraMode":{"drawMode":0,"name":"Shaded","section":"Shading Mode"},"sceneLighting":false,"audioPlay":false,"sceneViewState":{"showFog":true,"showMaterialUpdate":false,"showSkybox":true,"showFlares":true,"showImageEffects":true,"showParticleSystems":true},"in2DMode":false,"pivot":{"x":416.3384704589844,"y":246.1150665283203,"z":56.451881408691409},"rotation":{"x":-0.06968122720718384,"y":0.7188342809677124,"z":-0.07496398687362671,"w":-0.687606155872345},"size":696.4820556640625,"orthographic":true}